,Non-violent,Violent,accuracy,macro avg,weighted avg
precision,0.7344632768361582,0.6442953020134228,0.6932515337423313,0.6893792894247905,0.6949110670212774
recall,0.7103825136612022,0.6713286713286714,0.6932515337423313,0.6908555924949368,0.6932515337423313
f1-score,0.7222222222222222,0.6575342465753424,0.6932515337423313,0.6898782343987824,0.693846821861781
support,183.0,143.0,0.6932515337423313,326.0,326.0
