,Non-violent,Violent,accuracy,macro avg,weighted avg
precision,0.6071428571428571,0.42857142857142855,0.5079365079365079,0.5178571428571428,0.5334467120181405
recall,0.4594594594594595,0.5769230769230769,0.5079365079365079,0.5181912681912682,0.5079365079365079
f1-score,0.5230769230769231,0.4918032786885246,0.5079365079365079,0.5074401008827238,0.5101703396785364
support,37.0,26.0,0.5079365079365079,63.0,63.0
