,Non-violent,Violent,accuracy,macro avg,weighted avg
precision,0.6086956521739131,0.425,0.49206349206349204,0.5168478260869566,0.5328847481021395
recall,0.3783783783783784,0.6538461538461539,0.49206349206349204,0.5161122661122661,0.49206349206349204
f1-score,0.4666666666666667,0.5151515151515151,0.49206349206349204,0.4909090909090909,0.48667628667628665
support,37.0,26.0,0.49206349206349204,63.0,63.0
