,Non-violent,Violent,accuracy,macro avg,weighted avg
precision,0.7771084337349398,0.6625,0.7208588957055214,0.7198042168674699,0.7268354091211472
recall,0.7049180327868853,0.7412587412587412,0.7208588957055214,0.7230883870228133,0.7208588957055214
f1-score,0.7392550143266475,0.6996699669966997,0.7208588957055214,0.7194624906616736,0.7218910211727133
support,183.0,143.0,0.7208588957055214,326.0,326.0
