,Non-violent,Violent,accuracy,macro avg,weighted avg,,,
precision,0.566473988,0.444444444,0.509202454,0.505459216,0.512945692,,,BCE Loss: 1.4465
recall,0.535519126,0.475524476,0.509202454,0.505521801,0.509202454,,,
f1-score,0.550561798,0.459459459,0.509202454,0.505010629,0.510599729,,,
support,183,143,0.509202454,326,326,,,
