,Non-violent,Violent,accuracy,macro avg,weighted avg
precision,0.6096256684491979,0.5035971223021583,0.5644171779141104,0.556611395375678,0.563116214157705
recall,0.6229508196721312,0.48951048951048953,0.5644171779141104,0.5562306545913104,0.5644171779141104
f1-score,0.6162162162162163,0.49645390070921985,0.5644171779141104,0.556335058462718,0.5636824397821657
support,183.0,143.0,0.5644171779141104,326.0,326.0
