,Non-violent,Violent,accuracy,macro avg,weighted avg,,,,,,
precision,0.571428571,0.451388889,0.518404908,0.51140873,0.518773128,,,,,,
recall,0.568306011,0.454545455,0.518404908,0.511425733,0.518404908,,,,,,
f1-score,0.569863014,0.452961672,0.518404908,0.511412343,0.518584205,,,,,,
support,183,143,0.518404908,326,326,,BCE Loss,1.2643,,,
,,,,,,,,,,104,79
,,,,,,,,,,78,65
