,Non-violent,Violent,accuracy,macro avg,weighted avg
precision,0.7720588235294118,0.5894736842105263,0.6656441717791411,0.680766253869969,0.6919677961594712
recall,0.5737704918032787,0.7832167832167832,0.6656441717791411,0.678493637510031,0.6656441717791411
f1-score,0.658307210031348,0.6726726726726727,0.6656441717791411,0.6654899413520103,0.6646086246255487
support,183.0,143.0,0.6656441717791411,326.0,326.0
